,created_utc,title,self_text,subreddit
0,1519143872.0,When you confuse Wisdom with Intelligence,,DungeonsAndDragons
1,1610333532.0,"Live out your fantasy this way, and you will be a lot less ridiculous",,DungeonsAndDragons
2,1517017568.0,Escape From Flavortown,,DungeonsAndDragons
3,1514994778.0,Persuasive Bard gets persuasive...,,DungeonsAndDragons
4,1516477224.0,Mind freak,,DungeonsAndDragons
5,1661296792.0,What are some other examples of stories that could be interpreted this way?,,DungeonsAndDragons
6,1532310106.0,Got darn warehouses!,,DungeonsAndDragons
7,1639730994.0,Had to share this genius...,,DungeonsAndDragons
8,1529017470.0,When both characters roll natural 20s on a Strength contest,,DungeonsAndDragons
9,1574728866.0,We We know that player,,DungeonsAndDragons
10,1590282714.0,Am I crazy or does this styrofoam packing insert look like an awesome tabletop dungeon?,,DungeonsAndDragons
11,1658183319.0,Found this on Twitter. What piece of advice would you have on your DM loading screen?,,DungeonsAndDragons
12,1604924673.0,I live in a country in which this book costs one fifth of the average monthly salary. Today my wife surprised me. She was secretly saving up for the past 6 months. I am a very happy and thankful guy.,,DungeonsAndDragons
13,1649458375.0,I'm thinking of actually doing this. Thoughts on making it work?,,DungeonsAndDragons
14,1488492236.0,Organizing an RPG Session Be Like:,,DungeonsAndDragons
15,1514392160.0,Sneaky druid,,DungeonsAndDragons
16,1631464881.0,Nice! 👍,,DungeonsAndDragons
17,1584213423.0,ROLLING TO SAVE MY CLERIC OF 6 YEARS....,,DungeonsAndDragons
18,1531660080.0,[Joke] D&D Home Schooling,,DungeonsAndDragons
19,1582512266.0,"Two weeks ago, my friend took his own life. Tonight his character killed his nemesis. Godspeed, Matt. You would been proud of Tyrovar.",,DungeonsAndDragons
20,1642947584.0,Title,,DungeonsAndDragons
21,1683191854.0,I tried showing a friend how helpful Snapchat’s AI is at writing DnD content. Didn’t quite go how I expected.,,DungeonsAndDragons
22,1555883807.0,A bone golem I made using cheap skeleton toys.,,DungeonsAndDragons
23,1660991517.0,I'm thinking of actually doing this. Thoughts on making it work?,,DungeonsAndDragons
24,1528143035.0,Every rogue in my party.,,DungeonsAndDragons
25,1640958349.0,"Sorry if not allowed, I thought this might be appreciated here. I cut a gem by request to look like a D20, but also be practical to set in a ring.",,DungeonsAndDragons
26,1681224191.0,"With all the buzz around the D&D movie, let’s take a moment to appreciate the real hero, Jarnathan",,DungeonsAndDragons
27,1598209718.0,I made a dice comic!,,DungeonsAndDragons
28,1591210187.0,Maybe a bit too risqué for this subreddit? Found in another sub,,DungeonsAndDragons
29,1537648637.0,When asking my DM what size the final boss would be he said much bigger than large. Turns out he is the final boss of his own campaign. The Elder God!!! Wish us luck!!,,DungeonsAndDragons
30,1661549563.0,Sweater made by grandmother,"Grandmother handmade this sweater for me, its made for cosplaying the dungeon master. Grandmother wanted to make special sweater for me, so I decided for this ""cape"".  I drawed designs, grandomother measured me, we bought materials and whole process took like 2/3 months. Sacs are made for dices, those with dragon theme are for whole sets with colors of dices like on the embroidery; one is with D20 symbol for bigger 8D20 and one with symbol of square is made for 10D6 which i am using for MTG (square looks for me more cool than squate imitation). 

Yes I know i havs mess at my room, we have friends here right now. :D",DungeonsAndDragons
31,1575470957.0,"Oh, the logic of players...",,DungeonsAndDragons
32,1580062057.0,Peeling away building levels is an awesome experience.,,DungeonsAndDragons
33,1573906534.0,Our barbarian threw a javelin at long range with disadvantage yesterday,,DungeonsAndDragons
34,1693401558.0,Counterspell,,DungeonsAndDragons
35,1515170267.0,With great power comes great responsibility,,DungeonsAndDragons
36,1622838529.0,If someone actually built a site like this. How would you like it to work and what type of information you'd like to know about possible players and GM?,,DungeonsAndDragons
37,1651703887.0,Life hack?,,DungeonsAndDragons
38,1638391598.0,Mystery Inc. as 5e D&D characters - How would you stat them out?,,DungeonsAndDragons
39,1567979936.0,Thats dope homie 😆,,DungeonsAndDragons
40,1652262621.0,I so wanna do this next dnd session!,,DungeonsAndDragons
41,1544109801.0,Getting ready to donate these to local holiday toy drives!,,DungeonsAndDragons
42,1657122888.0,Sightseeing,,DungeonsAndDragons
43,1559216774.0,Goblinoid caves on new gaming table.,,DungeonsAndDragons
44,1578327487.0,Bard Duty,,DungeonsAndDragons
45,1537477706.0,Funny story. Happened in Wales where I live.,,DungeonsAndDragons
46,1538019778.0,One of the players misinterpreted something I said and drew a picture of it.,,DungeonsAndDragons
47,1511771311.0,Humans would be the elves in a DnD campaign run by dogs,,DungeonsAndDragons
48,1574085227.0,My players will never know what hit them,,DungeonsAndDragons
49,1543010758.0,This is where my friends and I play D&D together,,DungeonsAndDragons
50,1611934382.0,Where's the love???,,DungeonsAndDragons
51,1695043762.0,Our barbarian threw a javelin at long range with disadvantage yesterday,,DungeonsAndDragons
52,1564319821.0,My custom die set came in from Wombat on Shapeways!,,DungeonsAndDragons
53,1691288145.0,This seems... Illegal,,DungeonsAndDragons
54,1660770288.0,Lil bit. Thanks Sarah Andersen,,DungeonsAndDragons
55,1625427586.0,My dad made a d&d table for my birthday,,DungeonsAndDragons
56,1661233926.0,I applied to work at a local game store today!,,DungeonsAndDragons
57,1639147034.0,MY 3D PRINTED D&D DRAGONS ARE IN HAWKEYE! I'M (blurry) MCU CANON!!!,,DungeonsAndDragons
58,1574175674.0,timmy :(,,DungeonsAndDragons
59,1670519081.0,Friendly reminder that THIS kid is the director of the new DnD movie. We may be in safe hands after all!,,DungeonsAndDragons
60,1534603599.0,We've been playing D&D online for over a year. This is the first time we have all been together in person.,,DungeonsAndDragons
61,1674850894.0,Does this mean we won?,,DungeonsAndDragons
62,1577715728.0,Amateurs.,,DungeonsAndDragons
63,1559417988.0,Today my daughter is having her first dungeons and dragons game with her friends,,DungeonsAndDragons
64,1594145789.0,Sign posted in the window of my local gaming store.,,DungeonsAndDragons
65,1543441648.0,The number of times I have used this exact wording is worrying...,,DungeonsAndDragons
66,1584545994.0,[OC - comic] It's a good time for online tabletop.,,DungeonsAndDragons
67,1569429609.0,"I'm the DM for my group and all my players were getting cool custom minis. I was jealous until my brother surprised me with ""mini-me""!",,DungeonsAndDragons
68,1585069145.0,Not even kidding. My 9year old son was a far better dm than I can hope to be. That’s childlike imagination made for a legit fun game.,,DungeonsAndDragons
69,1597492273.0,This is the first time we've met irl for our d&d sessions and we've got an entire weekend of play!!,,DungeonsAndDragons
70,1645704499.0,This would be an awesome thing to incorporate into a game,,DungeonsAndDragons
71,1530563106.0,"State of the art, anti foot puncture technology. I present to you, the d4 of the future.",,DungeonsAndDragons
72,1729999724.0,Perfect roll on a fireball...,"I know the Internet has no reason to believe me, but tonight a wizard at my table rolled EIGHT 6s on a fireball.

Fucking fireball Yahtzee..

It was literally the most insane thing our table has ever seen... Everyone went NUTS afterward

Due to the sheer unlikelyness of the role, I want to grant the wizard some sort of permanent boon or damage increase to their fire spells... I dunno what exactly, but SOMETHING

Any ideas??",DungeonsAndDragons
73,1636623924.0,[OC] Giving minis vision with a touch screen and the Masters Toolkit,,DungeonsAndDragons
74,1592057305.0,A graduation gift from my mother.,,DungeonsAndDragons
75,1610710556.0,The Dive. This was private commission for a DND themed bar room brawl. My biggest piece to date.,,DungeonsAndDragons
76,1520205620.0,Fake Door by Tony Sart,,DungeonsAndDragons
77,1647574176.0,Drew my bf as whatever he got,,DungeonsAndDragons
78,1593991644.0,D&D as a broke Marine with friends :),,DungeonsAndDragons
79,1610532621.0,"Ayo, they're not wrong",,DungeonsAndDragons
80,1581272132.0,It always could be,,DungeonsAndDragons
81,1518691332.0,"My homemade raised playing surface. This way the books, character sheets, etc don't crowd the playing area.",,DungeonsAndDragons
82,1682213244.0,Spent the day playing in the world's largest D&D game. It set a new Guinness record with more than 1200 players and DMs involved,"It was a coordinated game, with each table having a specific mission during a siege battle. There were six players at a table with a DM who reported to moderators, and the moderators reported to a head DM. The story changed as tables failed or succeeded. Pretty nuts, but lots of fun to play",DungeonsAndDragons
83,1665323434.0,HERE I GO!,,DungeonsAndDragons
84,1583628242.0,D&D Waterfall Terrain with Running Water,,DungeonsAndDragons
85,1539020394.0,I Left A Note For Myself and Still Fucked it Up,,DungeonsAndDragons
86,1603820874.0,Me and my partner are in a long-distance relationship and she wanted to play in our weekly game so I improvised,,DungeonsAndDragons
87,1529270584.0,Our DM'S reaction to the barbarian when he jumps off a 30 ft wall to RKO a flesh golem.,,DungeonsAndDragons
88,1628108057.0,Ghosts of Salt Marsh,,DungeonsAndDragons
89,1617588501.0,Glass Dice look amazing in direct sunlight,,DungeonsAndDragons
90,1554075950.0,My Gaming Table,,DungeonsAndDragons
91,1673456014.0,Vote with your dollars.,,DungeonsAndDragons
92,1533313686.0,Found this at Target. I love that this game is becoming more Mainstream and accepted.,,DungeonsAndDragons
93,1596282359.0,Tv table is rdy,,DungeonsAndDragons
94,1535236828.0,Houses and Humans. This was at my local Renaissance Festival.,,DungeonsAndDragons
95,1590511300.0,The PHB Dwarf artist left us a hidden message...and apparently he really likes turtles,,DungeonsAndDragons
96,1679767234.0,"My local games pub has edible, house made jelly D&D dice!",,DungeonsAndDragons
97,1712259593.0,I hope my players are worried. They should be.,,DungeonsAndDragons
98,1565964443.0,I built a puzzle dungeon with revolving mirrors and a laser light pen. PCs rotated the mirrors until the light hit a statue in each room that opened the next door while staving off enemies. One of my favorite sessions!,,DungeonsAndDragons
99,1576855042.0,Nope,,DungeonsAndDragons
